1,2,3,4,5,6,7,8,9,10,11,12,13,14,15,17,18,19,20,21,22,23,24,25,26,27,28,30,31,37,38,39,40,41,42,44,45,46,47,48,49,50,51,52,53,54,57,58,59,60,61,62,63,65,66,67,68,69,70,71,72,73,74,76,77,78,79,80,81,83,84,85,86,88,90,91,96,97,98,99,100,101,102,103,104,105,106,107,108,109,110,111,112,114,115,116,117,119,120,121,122,123,124,125,126,127,128,129,130,131,132,133,134,135,136,137,138,139,140,141,142,147,149,150,151,152,153,154,155,156,157,158,161,162,164,166,167,168,170,172,173,175,177,178,180,181,182,183,185,186,189,190,191,195,196,197,198,199,200,201,203,207,208,209,210,211,212,213,218,219,220,221,222,224,225,227,229,231,232,233,235,237,243,245,246,247,248,249,250,251,252,253,254,255,256,257,260,261,262,264
1,2,3,4,5,6,7,8,9,10,11,12,13,14,15,17,18,19,20,21,22,23,24,25,26,27,28,30,31,37,38,39,40,41,42,44,45,46,47,48,49,50,51,52,53,54,57,58,59,60,61,62,63,65,66,67,68,69,70,71,72,73,74,76,77,78,79,80,81,83,84,85,86,88,90,91,96,97,98,99,100,101,102,103,104,105,106,107,108,109,110,111,112,114,115,116,117,119,120,121,122,123,124,125,126,127,128,129,130,131,132,133,134,135,136,137,138,139,140,141,142,147,149,150,151,152,153,154,155,156,157,158,161,162,164,166,167,168,170,172,173,175,177,178,180,181,182,183,185,186,189,190,191,195,196,197,198,199,200,201,203,207,208,209,210,211,212,213,218,219,220,221,222,224,225,227,229,231,232,233,235,237,243,245,246,247,248,249,250,251,252,253,254,255,256,257,260,261,262,264
ÖBB NJ 40425 + NJ 40468,ÖBB NJ 408 + NJ 409,HŽPP 1820 + 1821,ČD EN 40476 + EN 40457,ÖBB NJ 470 + NJ 471,ZSSK EN 442 + EN 443,RJ 1020 + 1021,ZSSK R800 / EC282 + EC 283 / R801,PKP EN 443 / IC 406 + IC 407 / EN 442,PKP TLK 35172 + TLK 53172,CFR 1837 + 1838,CFR IC 472 + IC 473,CFR 1952 + 1954,CFR 78/1743 + 1744/79,CFR 1763 + 1765,ÖBB NJ 490 + NJ 491,ÖBB NJ 40420 + NJ 40491,CFR 1653 + 1654,CFR 1641 (SM) + 1642 (SM),CFR 1821 + 1822,CFM/CFR 401 + 402,CFR 1667 + 1668,ATC IR 11502 + IR 11504,CFR 1941 + 1942/R 8810,CFR 1920 + 1922,TCDD/BDŽ 12503/492 + 493/12504,TCDD/BDŽ/CFR 12503/460 + 461/12504,TCDD 22006 + 32005,TCDD 22001 + 12002,CS 1003 (G) + 1004 (G),CS 1003 (E) + 1004 (E),CS 1001 (A) + 1002 (A),CS 1001 (FW) + 1002 (FW),CS 1001 (I) + 1002 (I),GWR Sleeper (Penzance) + Sleeper (London),ÖBB NJ 402 + NJ 403,ÖBB NJ 420 + NJ 421,ÖBB NJ 40421 + NJ 40490,HŽPP 1840 + 1841,HŽPP 1880 + 1881,ÖBB NJ 294 + NJ 295,ÖBB NJ 456 + NJ 457,ÖBB NJ 40235 + NJ 40295,ÖBB NJ 468 + NJ 469,ÖBB NJ 236 + NJ 237,MÁV/ÖBB EN 50237 + EN 50462,HŽPP/ÖBB EN 414 + EN 40237,MÁV EN 40457 + EN 40476,CFR/MÁV/ÖBB D 346 + D 347,UZ/ÖBB 40149 + 40749,CFR/MÁV IRN / IC 78 + IRN / IC 79,SJ 1 + 2,SJ 70 (D) + 71 (S),GA F5 725 + F5 726,SJ Nattåg 93 (N) + Nattåg 94 (N),CFR/MÁV IC 406 + IC 407,SJ Nattåg 93 (L) + Nattåg 94 (L),VY 605 + 606,SJN 405 + 406,SJN 475 + 476,VR IC 265 + IC 274,ST 304 + 305,MÁV/ÖBB EN 40462 + EN 40467,FS IC Notte 758 + IC Notte 765,ST 300 + 301,SJ EN 345 + EN 346,ST 3920 + 3921,ST 3904 + 3905,SJ Nattåg 91 + Nattåg 92,FS IC Notte 797 + IC Notte 798,FS IC Notte 1964 + IC Notte 1967,FS IC Notte 1962 + IC Notte 1963,FS IC Notte 752 + IC Notte 755,SJ 70 (U) + 77 (S),VR IC 266 (T) + IC 933,VR IC 266 (H) + IC 273,FS IC Notte 788 + IC Notte 789,FS IC Notte 754 + IC Notte 757,VR P 269 + P 276,FS IC Notte 796 + IC Notte 1515,FS IC Notte 794 + IC Notte 795,FS IC Notte 1954 + IC Notte 1955 (P),FS IC Notte 1958 + IC Notte 1959 (P),FS IC Notte 1955 (S) + IC Notte 1956,FS IC Notte 1959 (S) + IC Notte 1960,FS IC Notte 770 + IC Notte 774,FS IC Notte 763 + IC Notte 764,SNCF IC Nuit 5787 + IC Nuit 5792,SNCF IC Nuit 5781 + IC Nuit 5772,SNCF IC Nuit 3754 (Sun) + IC Nuit 3755 (Sun),SNCF IC Nuit 5737 + IC Nuit 5738,SNCF IC Nuit 3731 + IC Nuit 3740,SNCF IC Nuit 3970 + IC Nuit 3971,OTE 141 + 154,ZSSK EN 1152 + EN 1153,PKP/ÖBB EN 406 + EN 407,HŽPP/ÖBB EN 40414 + EN 40465,SNCF IC Nuit 3754 + IC Nuit 3755,ČD EC 458 + EN 40459,PKP TLK 16190 + TLK 61190,PKP IC 38192 + IC 83192,ZSSK R 614 + R 615,PKP/ČD EC 460 + EC 461,PKP TLK 35190 + TLK 53190,PKP IC 38172 + IC 83172,MÁV/PKP IC 407 / EN 477 + EN 476,PKP TLK 18170 + TLK 81170,PKP TLK 35170 + TLK 53170,ŽS/ŽPCG 433 + 1130 / 432,BDŽ 8656 + 8657,BDŽ 3636 + 3637,BDŽ 2626 + 2627,BDŽ 8626 + 8627,BDŽ 9646 + 9647,PKP TLK 404 + TLK 405,PKP TLK 46174/38174 + TLK 83174/64174,PKP TLK 38170 + TLK 83170,BDŽ 3686 + 3687,UZ 051 + 052 K,UZ 073 + 074,BDŽ 2636 + 2637,UZ 036 Š + 036 L,UZ 041 + 042,UZ 015 + 016,UZ 112 L + 112 P,UZ 023 + 024,UZ 019 + 020,UZ 007 O/059 O + 008 Š/060 Š,UZ 032 D + 032 P,UZ 021 + 022,UZ 113 + 114,UZ 065 K + 065 Š,UZ 063 + 064,UZ 017 O/045 D + 017 L/045 L,UZ 001 D + 001 L,UZ 141 + 142,UZ 149 + 150,UZ 007 K + 008 L,UZ 079 + 080,UZ 075 + 076,UZ 105 + 106,UZ 181 L + 181 P,UZ 143 + 144,UZ 043 L + 043 Š,UZ 139 + 140,UZ 067 + 068,UZ 097 + 098,UZ 009 / 010,UZ 049 + 050,UZ 029 K + 029 L,UZ 038 K + 038 P,UZ 059 K + 060 L,UZ 012 L + 012 Š,UZ/CFM 351 K + 351 L,UZ 357 + 358,UZ 091 + 092,UZ 055 + 056,UZ 095 + 096,UZ 121 + 122,UZ 194 L + 194 P,UZ 013 K + 013 L,UZ 052 P/053 + 052 Š/054,UZ 093 + 094,UZ 088 L + 088 P,UZ 192 P + 192 Š,UZ 086 L + 086 P,UZ 128 L + 128 P,UZ 109 + 110,UZ 037 + 038 O/Š,UZ 136 L + 136 Š,UZ 003 + 004,UZ 006 L + 006 P,UZ 078 L + 078 Š,MÁV 1246 / 1605 / 481 + 480 / 1604 / 1247,MÁV IC 1204 + IC 1205,UZ 081 K + 081 L,ÖBB NJ 446 + NJ 447,ÖBB NJ 233 + NJ 235,ÖBB NJ 40233 + NJ 40294,ÖBB NJ 40236 + NJ 40466,ÖBB NJ 464 + NJ 465,ES 452 + 453,TCDD 22012 + 52011,TCDD 22014 + 52013,TCDD 22018 + 52019,TCDD 22010 + 42009,TCDD 32007 + 72008,CFR R-E 4007/1642 + 1641/R-E 4008,CFR 1641 (CN) + 1642 (CN),CFR R 4116 + 1641/R 4112,UEX 320/324 + 321/325,UEX 302/322 + 303/323,UEX 1856 + 1857,UEX 1858 + 1859,UEX 332/1372 + 333/1373,UEX 334/1374 + 335/1375,ÖBB NJ 40424 + NJ 40469,RJ 1038 + 1039,SNCF IC Nuit 3789 + IC Nuit 3790,SNCF IC Nuit 3750 + IC Nuit 3751
,,,Metropol,,,,Metropolitan / Poľana,Chopin,Rozewie,,Ister,,,,,,,,,Prietenia,,,,,Balkan Express,Bosphor Express,Izmir Mavi,Ankara Ekspresi,Lowlander,Lowlander,Highlander,Highlander,Highlander,Night Riviera,,,,,Dalmacija,,,,,,Kálman Imre,,,Dacia,,Muntenia,,,F5,Arctic Circle,Corona,,F4,F6,F7,,,,,Berlinaren,,,,,,,,,,,,,,,,,,,,,,,,Le Train Bleu,L'Occitan,,Le Pyrénéen,Le Pyrénéen,,,,,L'Occitan,Jižní expres,Karkonosze,Podhalanin ,Zemplín,Baltic Express,Korsarz,Przemyślanin,,Uznam,Karpaty,Lovćen,,,,,,Pirat,Wolin,Ustronie,,,,,,,,,,,,,,,,,,,,,,,,,,,,,,,,,,,,,,,,,,,,,,,,,,,,,,,,,Istria,Adria,,,,,,,,Vangölü Ekspresi,Güney Ekspresi,4 Eylül Mavi,Dogu Ekspresi,Konya Mavi,,,,,,,,,,,,,
#N/A,Berlin – Zürich,Split – Zagreb, – Berlin,#N/A,Michalovce – Praha,Chop – Praha,Košice – Praha,Praha – Warszawa,Kraków – Gdynia,Iași – Cluj-Napoca,București – Budapest,Suceava – Constanța,București – Oradea,Iași – Timişoara,#N/A,Innsbruck – Hamburg,București – Vatra Dornei,București – Satu Mare,București – Arad,Chişinău – București,București – Iași,București – Arad,Satu Mare – Mangalia,Constanța – Oradea,İstanbul – Sofia,İstanbul – București,Ankara – İzmir,Ankara – İstanbul,London – Glasgow,London – Edinburgh,London – Aberdeen,London – Fort William,London – Inverness,London – Penzance,Zürich – Amsterdam,Innsbruck – Amsterdam,Amsterdam – Wien,Vukovar – Split,Osijek – Split,Roma – München,Graz – Berlin,Milano – München,Wien – Paris,Venezia – Stuttgart,Budapest – Stuttgart,Zagreb – Stuttgart,Berlin – Budapest,București – Wien,Wien – Kyiv,București – Budapest,Stockholm – Malmö,Stockholm – Duved,Oslo – Stavanger,Narvik – Stockholm,Brașov – Budapest,Luleå – Stockholm,Oslo – Bergen,Oslo – Trondheim,Trondheim – Bodø,Helsinki – Kemijärvi,Innsbruck – Malmö,Budapest – Zürich,Lecce – Milano,Stockholm – Berlin,Stockholm – Berlin,Malmö – ,Malmö – Duved,Luleå – Stockholm,Torino – Salerno,Palermo – Milano,Siracusa – Milano,Lecce – Milano,Stockholm – Umeå,Rovaniemi – Turku,Rovaniemi – Helsinki,Lecce – Roma,Lecce – Torino,Helsinki – Kolari,Salerno – Torino,Reggio Calabria – Torino,Palermo – Roma,Palermo – Roma,Roma – Siracusa,Roma – Siracusa,Trieste – Roma,Bolzano – Roma,Paris – Briançon,Paris – Nice,Albi – Paris,Paris – Cerbère,Tarbes – Paris,Latour-de-Carol – Paris,Villach – Edirne,Split – Bratislava,München – Warszawa,Zagreb – Zürich,Rodez – Paris,Praha – Zürich,Warszawa – Jelenia Góra,Zakopane – Szczecin,Strážske – Bratislava,Praha – Gdynia,Kraków – Łeba,Przemyśl – Świnoujście,Warszawa – Budapest,Warszawa – Świnoujście,Zakopane – Gdynia,Beograd – Bar,Varna – Sofia,Varna – Sofia,Varna – Sofia,Burgas – Sofia,Silistra – Sofia,Kołobrzeg – Zebrzydowice,Bielsko-Biała – Świnoujście,Kraków – Kołobrzeg,Burgas – Sofia,Kyiv – Przemyśl,Kharkiv – Przemyśl,Dobrich – Sofia,Odesa – Przemyśl,Dnipro – Truskavets,Kharkiv – Yasinia,Lviv – Izyum,Kyiv – Chelm,Kyiv – Chelm,Kharkiv – Odesa,Przemyśl – Zaporizhzhia,Kharkiv – Lviv,Kharkiv – Lviv,Kharkiv – Uman,Kharkiv – Lviv,Kharkiv – Uzhhorod,Kharkiv – Ivano-Frankivsk,Ivano-Frankivsk – Chernihiv,Poltava – Chernivtsi,Kyiv – Chernivtsi,Dnipro – Lviv,Kyiv – Kryvyi Rih,Kyiv – Odesa,Ivano-Frankivsk – Dnipro,Sumy – Rakhiv,Ivano-Frankivsk – Cherkasy,Kyiv – Kamianets-Podilskyi,Kyiv – Warszawa,Kyiv – Kovel,Kyiv – Budapest,Kyiv – Truskavets,Kyiv – Uzhhorod,Kyiv – Zaporizhzhia,Kyiv – Chop,Lviv – Odesa,Kyiv – Chişinău,Kyiv – Yasinia,Kyiv – Lviv,Kyiv – Rakhiv,Kyiv – Rakhiv,Kherson – Kyiv,Yasinia – Kryvyi Rih,Kyiv – Solotvyno,Dnipro – Odesa,Kharkiv – Chelm,Kovel – Zaporizhzhia,Kramatorsk – Odesa,Lviv – Zaporizhzhia,Lviv – Zaporizhzhia,Kherson – Lviv,Uzhhorod – Odesa,Chernivtsi – Odesa,Uzhhorod – Zaporizhzhia,Yasinia – Zaporizhzhia,Kovel – Odesa,Budapest – Rijeka,Budapest – Split,Kyiv – Uzhhorod,Wien – Bregenz,Wien – La Spezia,Wien – Roma,Venezia – Wien,Graz – Zürich,#N/A,Ankara – Tatvan,Ankara – Kurtalan,Ankara – Malatya,Ankara – Kars,İzmir – Konya,Bistrița – București,București – Cluj-Napoca,Sighetu Marmației – București,Villach – Hamburg,Innsbruck – Hamburg,München – Hamburg,#N/A,Innsbruck – Düsseldorf,Villach – Düsseldorf,Berlin – Paris,Przemyśl – Praha,Paris – Aurillac,Toulouse – Paris
NJ 40425: Bruxelles-Midi / Brussel-Zuid - Bruxelles-Nord / Brussel-Noord - Liège-Guillemins - Aachen Hbf - Köln Hbf - Bonn-Beuel - Koblenz Hbf - Mainz Hbf - München Ost - Rosenheim - Salzburg Hbf - Linz Hbf - St. Pölten Hbf - Wien Meidling - Wien Hbf<br><br>NJ 40468: Wien Hbf - Wien Meidling - St. Pölten Hbf - Linz Hbf - Salzburg Hbf - Rosenheim - München Ost - Koblenz Hbf - Bonn Hbf - Köln Ehrenfeld - Aachen Hbf - Liège-Guillemins - Bruxelles-Nord / Brussel-Noord - Bruxelles-Midi / Brussel-Zuid,NJ 408: Berlin Hbf - Berlin Südkreuz - Lutherstadt Wittenberg Hbf - Bitterfeld - Leipzig Hbf - Frankfurt (Main) Süd - Mannheim Hbf - Karlsruhe Hbf - Baden-Baden - Offenburg - Freiburg (Breisgau) Hbf - Basel Bad Bf - Basel SBB - Zürich HB<br><br>NJ 409: Zürich HB - Basel SBB - Basel Bad Bf - Freiburg (Breisgau) Hbf - Offenburg - Karlsruhe Hbf - Mannheim Hbf - Frankfurt (Main) Süd - Leipzig Hbf - Halle (Saale) Hbf - Bitterfeld - Lutherstadt Wittenberg Hbf - Berlin Südkreuz - Berlin Hbf,1820: Split - Knin - Karlovac - Zagreb Gl. K.<br><br>1821: Zagreb Gl. K. - Karlovac - Knin - Split,EN 40476: Budapest-Nyugati - Vac - Štúrovo - Nové Zámky - Bratislava hl.st. - Kúty - Břeclav - Brno hl.n. - Pardubice hl.n. - Praha hl.n. - Praha-Holešovice - Ústí nad Labem hl.n. - Děčín hl.n. - Bad Schandau - Dresden Hbf - Dresden-Neustadt - Berlin Südkreuz - Berlin Hbf<br><br>EN 40457: Praha hl.n. - Pardubice hl.n. - Brno hl.n. - Břeclav - Bratislava hl.st. - Nové Zámky - Vac - Budapest Nyugati,NJ 470: Zürich HB - Basel SBB - Basel Bad Bf - Freiburg(Breisgau) Hbf - Offenburg - Baden-Baden - Karlsruhe Hbf - Göttingen - Hannover Hbf - Verden(Aller) - Bremen Hbf - Hamburg-Harburg - Hamburg Hbf - Hamburg Dammtor - Hamburg-Altona<br><br>NJ 471: Hamburg Altona - Hamburg Hbf - Bremen Hbf - Hannover Hbf - Göttingen - Karlsruhe Hbf - Offenburg - Freiburg (Breisgau) Hbf - Basel Bad Bf - Basel SBB - Zürich HB,EN 442: Michalovce - Košice - Poprad Tatry - Olomouc hl.n. - Pardubice hl.n. - Praha hl.n.<br><br>EN 443: Praha hl.n. - Pardubice hl.n. - Olomouc hl.n. - Poprad Tatry - Košice - Michalovce,1020: Chop - Košice - Poprad Tatry - Pardubice hl.n. - Praha hl.n.<br><br>1021: Praha hl.n. - Pardubice hl.n. - Ostrava hl.n. - Poprad Tatry - Košice - Chop,R800 / EC282: Košice - Zvolen - Bratislava hl.st. - Nové Zámky - Bratislava hl.st. - Břeclav - Brno hl.n. - Pardubice hl.n. - Praha hl.n.<br><br>EC 283 / R801: Praha hl.n. - Pardubice hl.n. - Brno hl.n. - Břeclav - Bratislava hl.st. - Nové Zámky - Zvolen - Košice,EN 443 / IC 406: Praha hl.n. - Pardubice hl.n. - Olomouc hl.n. - Katowice - Trzebinia - Kraków Gł. - Warszawa Centralna<br><br>IC 407 / EN 442: Warszawa Wschodnia - Warszawa Centralna - Kraków Gł. - Trzebinia - Katowice - Rybnik - Olomouc hl.n. - Pardubice hl.n. - Praha hl.n.,TLK 35172: Kraków Gł. - Trzebinia - Katowice - Gliwice - Opole Gł. - Wrocław Gł. - Gdańsk Gł. - Gdynia Gł.<br><br>TLK 53172: Gdynia Gł. - Gdańsk Gł. - Bydgoszcz - Wrocław Gł. - Opole Gł. - Gliwice - Katowice - Trzebinia - Kraków Gł.,1837: Iași - Suceava - Câmpulung Moldovenesc - Cluj-Napoca<br><br>1838: Cluj-Napoca - Dej - Beclean pe Somes - Vatra Dornei - Iași,IC 472: București Nord - Ploiești Vest - Brașov - Sibiu - Arad - Curtici - Szolnok - Budapest Keleti<br><br>IC 473: Budapest-Keleti - Szolnok - Mezőtúr - Gyoma - Csárdaszállás - Mezőberény - Murony - Békéscsaba - Kétegyháza - Lőkösháza - Curtici - Arad - Sebeș Alba - Sibiu - Făgăraș - Codlea - Brașov - Predeal - Azuga - Bușteni - Sinaia - Câmpina - Ploiești Vest - București Nord,1952: Suceava Nord - Suceava - Bacău - Buzău - Constanța<br><br>1954: Constanța - Fetești - Buzău - Bacău - Suceava - Suceava Nord,78/1743: București Nord - Craiova - Timişoara Nord - Arad - Oradea<br><br>1744/79: Oradea - Arad - Timişoara Nord - Craiova - București Nord,1763: Iași - Suceava - Câmpulung Moldovenesc - Vatra Dornei - Beclean pe Somes - Dej - Cluj-Napoca - Deva - Arad - Timişoara Nord<br><br>1765: Timişoara Nord - Arad - Deva - Alba Iulia - Cluj-Napoca - Dej - Beclean pe Somes - Câmpulung Moldovenesc - Suceava - Iași,NJ 490: Wien Hbf - Wien Meidling - St.Pölten Hbf - Linz Hbf - Wels Hbf - Passau Hbf - Regensburg Hbf - Nürnberg Hbf - Würzburg Hbf - Kassel-Wilhelmshöhe - Göttingen - Hannover Hbf - Hamburg-Harburg - Hamburg Hbf - Hamburg Dammtor - Hamburg-Altona<br><br>NJ 491: Hamburg-Altona - Hamburg Hbf - Hamburg-Harburg - Hannover Hbf - Göttingen - Kassel-Wilhelmshöhe - Würzburg Hbf - Nürnberg Hbf - Regensburg Hbf - Passau Hbf - Wels Hbf - Linz Hbf - St.Pölten Hbf - Wien Meidling - Wien Hbf,NJ 40420: Innsbruck Hbf - Jenbach - Wörgl Hbf - Kufstein - Rosenheim - München Hbf - Augsburg Hbf - Nürnberg Hbf - Kassel-Wilhelmshöhe - Göttingen - Hannover Hbf - Hamburg Harburg - Hamburg Hbf - Hamburg Altona<br><br>NJ 40491: Hamburg Altona - Hamburg Hbf - Hamburg Harburg - Hannover Hbf - Göttingen - Kassel-Wilhelmshöhe - Würzburg Hbf - Nürnberg Hbf - Augsburg Hbf - München Hbf - Rosenheim - Kufstein - Wörgl Hbf - Jenbach - Innsbruck Hbf,1653: București Nord - Ploiești Sud - Suceava - Câmpulung Moldovenesc - Vatra Dornei - Vatra Dornei Băi<br><br>1654: Vatra Dornei Băi - Vatra Dornei - Câmpulung Moldovenesc - Suceava - Ploiești Sud - București Nord,1641 (SM): București Nord - Ploiești Vest - Câmpina - Brașov - Miercurea Ciuc - Beclean pe Somes - Baia Mare - Satu Mare<br><br>1642 (SM): Satu Mare - Baia Mare - Beclean pe Somes - Miercurea Ciuc - Brașov - Câmpina - Ploiești Vest - București Nord,1821: București Nord - Craiova - Petroșani - Deva - Arad<br><br>1822: Arad - Deva - Petroșani - Craiova - București Nord,401: Chişinău - Ungheni - Ungheni Prut - Nicolina - Iași - Târgu Frumos - Roman - Buzău - Mizil - Ploiești Sud - București Nord<br><br>402: București Nord - Ploiești Sud - Mizil - Buzău - Râmnicu Sărat - Focșani - Mărășești - Adjud - Bacău - Roman - Târgu Frumos - Ungheni - Chişinău,1667: București Nord - Ploiești Sud - Buzău - Iași<br><br>1668: Iași - Vaslui - Bârlad - București Nord,IR 11502: București Nord - Videle - Roșiori Nord - Caracal - Craiova - Caransebeș - Lugoj - Timişoara Nord - Arad<br><br>IR 11504: Arad - Timişoara Nord - Lugoj - Caransebeș - Craiova - Caracal - Roșiori Nord - Videle - București Nord,1941: Satu Mare - Baia Mare - Dej - Beclean pe Somes - Deda - Gheorgheni - Miercurea Ciuc - Brașov - Constanța - Mangalia<br><br>1942/R 8810: Mangalia - Constanța - Bucuresti Baneasa - Ploiești Vest - Brașov - Miercurea Ciuc - Gheorgheni - Dej - Baia Mare - Satu Mare,1920: Constanța - București Nord - Craiova - Petroșani - Deva - Arad - Oradea<br><br>1922: Oradea - Arad - Deva - Petroșani - Craiova - București Nord - Constanța,12503/492: İstanbul Halkalı - Edirne - Kapıkule - Svilengrad - Dimitrovgrad - Plovdiv - Sofia<br><br>493/12504: Sofia - Plovdiv - Dimitrovgrad - Svilengrad - Kapıkule - Edirne - İstanbul Halkalı,12503/460: İstanbul Halkalı - Edirne - Kapıkule - Svilengrad - Dimitrovgrad - Stara Zagora - Veliko Tarnovo - Gorna Oryahovitsa - Ruse - Giurgiu Nord - București Nord<br><br>461/12504: București Nord - Giurgiu Nord - Ruse - Gorna Oryahovitsa - Veliko Tarnovo - Stara Zagora - Dimitrovgrad - Svilengrad - Kapıkule - Edirne - İstanbul Halkalı,22006: Ankara - Eskişehir - Balıkesir - Manisa - İzmir Çiğli - İzmir Basmane<br><br>32005: İzmir Basmane - İzmir Çiğli - Manisa - Balıkesir - Eskişehir - Ankara,22001: Ankara - Eskişehir - İstanbul Pendik - İstanbul Sögütlücesme - İstanbul Halkalı<br><br>12002: İstanbul Halkalı - İstanbul Sögütlücesme - İstanbul Pendik - İzmit - Ankara,1003 (G): London Euston - Watford Junction - Carlisle - Motherwell - Glasgow Central<br><br>1004 (G): Glasgow Central - Motherwell - Carlisle - Watford Junction - London Euston,1003 (E): London Euston - Watford Junction - Carlisle - Edinburgh Waverley<br><br>1004 (E): Edinburgh Waverley - Carlisle - Watford Junction - London Euston,1001 (A): London Euston - Birmingham International  - Crewe - Preston - Dundee - Aberdeen<br><br>1002 (A): Aberdeen - Dundee - Preston - Crewe - Birmingham International  - London Euston,1001 (FW): London Euston - Birmingham International  - Crewe - Preston - Crianlarich - Fort William / An Gearasdan<br><br>1002 (FW): Fort William / An Gearasdan - Crianlarich - Preston - Crewe - Birmingham International  - London Euston,1001 (I): London Euston - Birmingham International  - Crewe - Preston - Stirling - Perth / Peairt - Aviemore - Inverness / Inbhir Nis<br><br>1002 (I): Inverness / Inbhir Nis - Aviemore - Perth / Peairt - Stirling - Preston - Crewe - Birmingham International  - London Euston,Sleeper (Penzance): London Paddington - Reading - Plymouth - Penzance<br><br>Sleeper (London): Penzance - Plymouth - London Paddington,NJ 402: Zürich HB - Basel SBB - Basel Bad Bf - Freiburg (Breisgau) Hbf - Offenburg - Bonn-Beuel - Köln Hbf - Eindhoven Centraal - Utrecht Centraal - Amsterdam Centraal<br><br>NJ 403: Amsterdam Centraal - Utrecht Centraal - Eindhoven Centraal - Köln Hbf - Bonn-Beuel - Offenburg - Freiburg (Breisgau) Hbf - Basel Bad Bf - Basel SBB - Zürich HB,NJ 420: Innsbruck Hbf - Jenbach - Wörgl Hbf - Kufstein - Rosenheim - München Hbf - Augsburg Hbf - Nürnberg Hbf - Würzburg Hbf - Kassel-Wilhelmshöhe - Hamm(Westf)Hbf - Münster(Westf)Hbf - Deventer - Amersfoort Centraal - Amsterdam Centraal<br><br>NJ 421: Amsterdam Centraal - Amersfoort Centraal - Deventer - Hannover Hbf - Kassel-Wilhelmshöhe - Würzburg Hbf - Nürnberg Hbf - Augsburg Hbf - München Hbf - Rosenheim - Kufstein - Wörgl Hbf - Jenbach - Innsbruck Hbf,NJ 40421: Amsterdam Centraal - Amersfoort Centraal - Deventer - Hannover Hbf - Kassel-Wilhelmshöhe - Würzburg Hbf - Nürnberg Hbf - Regensburg Hbf - Passau Hbf - Wels Hbf - Linz Hbf - St. Pölten Hbf - Wien Meidling - Wien Hbf<br><br>NJ 40490: Wien Hbf - Wien Meidling - St. Pölten Hbf - Linz Hbf - Wels Hbf - Passau Hbf - Regensburg Hbf - Nürnberg Hbf - Würzburg Hbf - Kassel-Wilhelmshöhe - Hamm (Westf) Hbf - Münster (Westf) Hbf - Deventer - Amersfoort Centraal - Amsterdam Centraal,1840: Vukovar - Slavonski Brod - Zagreb Gl. K. - Karlovac - Knin - Split<br><br>1841: Split - Knin - Zagreb Gl. K. - Slavonski Brod - Vukovar,1880: Osijek - Zagreb Gl. K. - Knin - Split<br><br>1881: Split - Knin - Zagreb Gl. K. - Bjelovar - Osijek,NJ 294: Roma Tiburtina - Firenze Campo di Marte - Bologna Centrale - Villach Hbf - Salzburg Hbf - Rosenheim - München Hbf<br><br>NJ 295: München Hbf - Rosenheim - Salzburg Hbf - Villach Hbf - Bologna Centrale - Firenze S. M. N. - Roma Termini,NJ 456: Graz Hbf - Bruck an der Mur - Mürzzuschlag - Wiener Neustadt Hbf - Wien Hbf - Břeclav - Brno hl.n. - Pardubice hl.n. - Praha hl.n. - Praha-Holešovice - Ústí nad Labem hl.n. - Děčín hl.n. - Bad Schandau - Dresden Hbf - Dresden-Neustadt - Berlin Südkreuz - Berlin Hbf<br><br>NJ 457: Berlin Hbf - Berlin Südkreuz - Dresden-Neustadt - Dresden Hbf - Bad Schandau - Děčín hl.n. - Ústí nad Labem hl.n. - Praha-Holešovice - Praha hl.n. - Pardubice hl.n. - Brno hl.n. - Breclav - Wien Hbf - Wien Meidling - Wiener Neustadt Hbf - Mürzzuschlag - Bruck an der Mur - Graz Hbf,NJ 40235: Milano Lambrate - Verona Porta Nuova - Villach Hbf - Salzburg Hbf - München Hbf<br><br>NJ 40295: München Hbf - Rosenheim - Salzburg Hbf - Villach Hbf - Verona Porta Nuova - Milano Lambrate,NJ 468: Wien Hbf - Wien Meidling - St.Pölten Hbf - Linz Hbf - Salzburg Hbf - Rosenheim - München Ost - Strasbourg - Paris Est<br><br>NJ 469: Paris Est - Strasbourg - München Ost - Rosenheim - Salzburg Hbf - Linz Hbf - St.Pölten Hbf - Wien Meidling - Wien Hbf,NJ 236: Venezia Santa Lucia - Udine - Villach Hbf - Salzburg Hbf - München Ost - Augsburg Hbf - Ulm Hbf - Stuttgart Hbf<br><br>NJ 237: Stuttgart Hbf - Ulm Hbf - Augsburg Hbf - München Ost - Salzburg Hbf - Villach Hbf - Udine - Venezia Santa Lucia,EN 50237: Budapest Keleti - Budapest Kelenföld - Győr - Wien Hbf - Wien Meidling - St. Pölten Hbf - Linz Hbf - Rosenheim - München Ost - Augsburg Hbf - Ulm Hbf - Stuttgart Hbf<br><br>EN 50462: Stuttgart Hbf - Ulm Hbf - Augsburg Hbf - München Ost - Salzburg Hbf - Linz Hbf - St. Pölten Hbf - Wien Meidling - Wien Hbf - Győr - Budapest Kelenföld - Budapest Keleti,EN 414: Zagreb Gl. K. - Ljubljana - Villach Hbf - Rosenheim - München Ost - Augsburg Hbf - Ulm Hbf - Stuttgart Hbf<br><br>EN 40237: Stuttgart Hbf - Ulm Hbf - Augsburg Hbf - München Ost - Rosenheim - Villach Hbf - Ljubljana - Zagreb Gl. K.,EN 40457: Berlin Hbf - Berlin Südkreuz - Dresden Neustadt - Dresden Hbf - Ústí n.L.hl.n. - Praha-Holešovice - Bratislava hl.st. - Vac - Budapest Nyugati<br><br>EN 40476: Budapest Nyugati - Vac - Bratislava hl.st. - Brno hl.n. - Dresden Hbf - Dresden Neustadt - Berlin Südkreuz - Berlin Hbf,D 346: București Nord - Ploiești Vest - Brașov - Sighișoara - Oradea - Budapest Keleti - Budapest Ferencváros - Budapest Kelenföld - Győr - Wien Hbf<br><br>D 347: Wien Hbf - Győr - Budapest Kelenföld - Budapest Keleti - Arad - Alba Iulia - Sighișoara - Brașov - Ploiești Vest - București Nord,40149: Wien Hbf - Hegyeshalom - Győr - Budapest Kelenföld - Budapest Keleti - Szolnok - Debrecen - Nyíregyháza - Chop - Mukacheve - Stryj - Lviv - Kyiv Pasazhyrskyi<br><br>40749: Kyiv Pasazhyrskyi - Lviv - Stryj - Mukacheve - Chop - Nyíregyháza - Debrecen - Szolnok - Budapest Keleti - Budapest Kelenföld - Győr - Hegyeshalom - Wien Hbf,IRN / IC 78: București Nord - Craiova - Timişoara Nord - Arad - Curtici - Lőkösháza - Szolnok - Budapest Keleti<br><br>IRN / IC 79: Budapest Keleti - Szolnok - Lőkösháza - Curtici - Arad - Timişoara Nord - Craiova - București Nord,1: Stockholm C - Norrköping C - Hässleholm C - Lund C - Malmö C<br><br>2: Malmö C - Lund C - Helsingborg C - Hässleholm C - Stockholm C,70 (D): Stockholm C - Arlanda - Uppsala C - Gävle C - Östersund C - Åre - Duved<br><br>71 (S): Duved - Åre - Östersund C - Sundsvall C - Arlanda - Stockholm C,F5 725: Oslo S - Drammen - Kongsberg - Sandnes - Stavanger<br><br>F5 726: Stavanger - Sandnes - Kongsberg - Drammen - Oslo S,Nattåg 93 (N): Narvik - Kiruna / Giron - Gällivare C - Boden C - Umeå C - Sundsvall C - Gävle C - Uppsala C - Arlanda - Stockholm C<br><br>Nattåg 94 (N): Stockholm C - Arlanda - Uppsala C - Gävle C - Sundsvall C - Härnösand - Örnsköldsvik C - Boden C - Gällivare C - Kiruna / Giron - Narvik,IC 406: Brașov - Miercurea Ciuc - Gheorgheni - Deda - Beclean pe Somes - Debrecen - Szolnok - Budapest Keleti<br><br>IC 407: Budapest Keleti - Szolnok - Debrecen - Carei - Deda - Gheorgheni - Miercurea Ciuc - Brașov,Nattåg 93 (L): Luleå C - Boden C - Umeå C - Örnsköldsvik C - Sundsvall C - Gävle C - Uppsala C - Arlanda - Stockholm C<br><br>Nattåg 94 (L): Stockholm C - Arlanda - Uppsala C - Gävle C - Sundsvall C - Härnösand - Örnsköldsvik C - Boden C - Luleå C,605: Oslo S - Drammen - Bergen<br><br>606: Bergen - Drammen - Oslo S,405: Oslo S - Hamar - Lillehammer - Trondheim<br><br>406: Trondheim - Lillehammer - Hamar - Oslo S,475: Trondheim - Levanger - Steinkjer - Mo i Rana - Bodø<br><br>476: Bodø - Mo i Rana - Steinkjer - Levanger - Trondheim,IC 265: Helsinki / Helsingfors - Tampere - Oulu - Rovaniemi - Kemijärvi<br><br>IC 274: Kemijärvi - Rovaniemi - Oulu - Tampere - Helsinki / Helsingfors,304: Innsbruck Hbf - Jenbach - Wörgl Hbf - Kitzbühel - Salzburg Hbf - München Ost - Hamburg Hbf - Kolding - Odense - Høje Taastrup - Malmö C<br><br>305: Malmö C - Høje Taastrup - Odense - Kolding - Hamburg Hbf - München Ost - Salzburg Hbf - Kitzbühel - Wörgl Hbf - Jenbach - Innsbruck Hbf,EN 40462: Budapest Keleti - Budapest Kelenföld - Győr - Wien Hbf - Wien Meidling - St. Pölten Hbf - Linz Hbf - Bludenz - Feldkirch - Buchs (SG) - Zürich HB<br><br>EN 40467: Zürich HB - Buchs (SG) - Feldkirch - Bludenz - Linz Hbf - St. Pölten Hbf - Wien Meidling - Wien Hbf - Győr - Budapest Kelenföld - Budapest Keleti,IC Notte 758: Lecce - Brindisi - Taranto - Bari Centrale - Foggia - Bologna Centrale - Milano Centrale<br><br>IC Notte 765: Milano Centrale - Bologna Centrale - Foggia - Bari Centrale,300: Stockholm C - Norrköping C - Linköping C - Nässjö C - Alvesta - Hässleholm C - Lund C - Malmö C - København Ørestad - Hamburg Hbf - Berlin Hbf<br><br>301: Berlin Hbf - Hamburg Hbf - København Ørestad - Malmö C - Lund C - Hässleholm C - Alvesta - Nässjö C - Linköping C - Norrköping C - Stockholm C,EN 345: Stockholm C - Norrköping C - Linköping C - Nässjö C - Alvesta - Hässleholm C - Lund C - Malmö C - Kastrup Lufthavn - Padborg - Hamburg Hbf - Berlin Hbf<br><br>EN 346: Berlin Hbf - Hamburg Hbf - Padborg - Kastrup Lufthavn - Malmö C - Lund C - Hässleholm C - Alvesta - Nässjö C - Linköping C - Norrköping C - Stockholm C,3920: Malmö C - Lund C - Hässleholm C - Alvesta - Nässjö C - Linköping C - Norrköping C - Stockholm C - Uppsala C - Östersund C - Åre - Duved - Storlien<br><br>3921: Storlien - Duved - Åre - Östersund C - Uppsala C - Stockholm C - Norrköping C - Alvesta - Hässleholm C - Lund C - Malmö C,3904: Malmö C - Lund C - Hässleholm C - Alvesta - Nässjö C - Linköping C - Norrköping C - Östersund C - Åre - Duved<br><br>3905: Duved - Åre - Östersund C - Linköping C - Nässjö C - Alvesta - Hässleholm C - Lund C - Malmö C,Nattåg 91: Luleå C - Boden C - Umeå C - Örnsköldsvik C - Härnösand - Sundsvall C - Gävle C - Uppsala C - Arlanda - Stockholm C<br><br>Nattåg 92: Stockholm C - Arlanda - Uppsala C - Gävle C - Örnsköldsvik C - Umeå C - Boden C - Luleå C,IC Notte 797: Torino Porta Susa - Milano Porta Garibaldi - Roma Tiburtina - Napoli Centrale  - Salerno<br><br>IC Notte 798: Salerno - Napoli Centrale  - Roma Tiburtina - Orvieto - Milano Porta Garibaldi - Torino Porta Susa,IC Notte 1964: Palermo Centrale - Termini Imerese - Barcellona Castroreale - Messina Centrale - Lamezia Terme Centrale - Salerno - Firenze S. M. N. - Bologna Centrale - Milano Centrale<br><br>IC Notte 1967: Milano Centrale - Bologna Centrale - Firenze S. M. N. - Salerno - Lamezia Terme Centrale - Messina Centrale - Barcellona Castroreale - Termini Imerese - Palermo Centrale,IC Notte 1962: Siracusa - Catania Centrale - Taormina Giardini - Messina Centrale - Lamezia Terme Centrale - Salerno - Firenze S. M. N. - Bologna Centrale - Milano Centrale<br><br>IC Notte 1963: Milano Centrale - Bologna Centrale - Firenze S. M. N. - Salerno - Lamezia Terme Centrale - Messina Centrale - Taormina Giardini - Catania Centrale - Siracusa,IC Notte 752: Lecce - Brindisi - Bari Centrale - Foggia - Bologna Centrale - Milano Centrale<br><br>IC Notte 755: Milano Centrale - Bologna Centrale - Foggia - Bari Centrale - Brindisi - Lecce,70 (U): Stockholm C - Arlanda - Uppsala C - Gävle C - Härnösand - Örnsköldsvik C - Umeå C<br><br>77 (S): Umeå C - Örnsköldsvik C - Härnösand - Sundsvall C - Arlanda - Stockholm C,IC 266 (T): Rovaniemi - Oulu - Tampere - Turku / Åbo<br><br>IC 933: Turku / Åbo - Tampere - Oulu - Rovaniemi,IC 266 (H): Rovaniemi - Oulu - Helsinki / Helsingfors<br><br>IC 273: Helsinki / Helsingfors - Oulu - Rovaniemi,IC Notte 788: Lecce - Brindisi - Bari Centrale - Roma Termini<br><br>IC Notte 789: Roma Termini - Bari Centrale - Brindisi - Lecce,IC Notte 754: Lecce - Brindisi - Bari Centrale - Foggia - Bologna Centrale - Torino Lingotto<br><br>IC Notte 757: Torino Lingotto - Bologna Centrale - Foggia - Bari Centrale - Brindisi - Lecce,P 269: Helsinki / Helsingfors - Tampere - Oulu - Kolari<br><br>P 276: Kolari - Oulu - Tampere - Helsinki / Helsingfors,IC Notte 796: Salerno - Napoli Centrale  - Roma Tiburtina - Pisa Centrale - La Spezia Centrale - Genova Piazza Principe / Zêna - Torino Lingotto<br><br>IC Notte 1515: Torino Lingotto - Genova Piazza Principe / Zêna - La Spezia Centrale - Pisa Centrale - Civitavecchia - Roma Ostiense - Napoli Centrale  - Salerno,IC Notte 794: Reggio Calabria Centrale - Tropea - Lamezia Terme Centrale - Roma Ostiense - Civitavecchia - Grosseto - Livorno Centrale  - Pisa Centrale - La Spezia Centrale - Genova Piazza Principe / Zêna - Torino Lingotto<br><br>IC Notte 795: Torino Lingotto - Genova Piazza Principe / Zêna - La Spezia Centrale - Pisa Centrale - Livorno Centrale  - Grosseto - Civitavecchia - Roma Ostiense - Lamezia Terme Centrale - Tropea - Reggio Calabria Centrale,IC Notte 1954: Palermo Centrale - Termini Imerese - Barcellona Castroreale - Messina Centrale - Lamezia Terme Centrale - Roma Termini<br><br>IC Notte 1955 (P): Roma Termini - Napoli Centrale  - Salerno - Messina Centrale - Barcellona Castroreale - Termini Imerese - Palermo Centrale,IC Notte 1958: Palermo Centrale - Termini Imerese - Barcellona Castroreale - Messina Centrale - Salerno - Napoli Centrale  - Roma Termini<br><br>IC Notte 1959 (P): Roma Termini - Lamezia Terme Centrale - Messina Centrale - Barcellona Castroreale - Termini Imerese - Palermo Centrale,IC Notte 1955 (S): Roma Termini - Napoli Centrale  - Salerno - Messina Centrale - Taormina Giardini - Catania Centrale - Siracusa<br><br>IC Notte 1956: Siracusa - Catania Centrale - Taormina Giardini - Messina Centrale - Lamezia Terme Centrale - Roma Termini,IC Notte 1959 (S): Roma Termini - Lamezia Terme Centrale - Messina Centrale - Taormina Giardini - Catania Centrale - Siracusa<br><br>IC Notte 1960: Siracusa - Catania Centrale - Taormina Giardini - Messina Centrale - Salerno - Napoli Centrale  - Roma Termini,IC Notte 770: Trieste Centrale - Udine - Venezia Santa Lucia - Bologna Centrale - Roma Termini<br><br>IC Notte 774: Roma Termini - Venezia Santa Lucia - Udine - Trieste Centrale,IC Notte 763: Bolzano / Bozen - Verona Porta Nuova - Orvieto - Roma Termini<br><br>IC Notte 764: Roma Termini - Orvieto - Verona Porta Nuova - Bolzano / Bozen,IC Nuit 5787: Paris Austerlitz - Crest - Gap - Briançon<br><br>IC Nuit 5792: Briançon - Gap - Crest - Paris Austerlitz,IC Nuit 5781: Paris Austerlitz - Marseille Saint-Charles - Toulon - Cannes - Nice Ville<br><br>IC Nuit 5772: Nice Ville - Cannes - Toulon - Marseille Saint-Charles - Paris Austerlitz,IC Nuit 3754 (Sun): Albi Ville - Rodez - Figeac - St-Denis-Pre-Martel - Paris Austerlitz<br><br>IC Nuit 3755 (Sun): Paris Austerlitz - St-Denis-Pre-Martel - Figeac - Rodez - Albi Ville,IC Nuit 5737: Paris Austerlitz - Nîmes - Montpellier Saint-Roch - Beziers - Narbonne - Perpignan - Cerbère<br><br>IC Nuit 5738: Cerbère - Perpignan - Narbonne - Beziers - Montpellier Saint-Roch - Nîmes - Paris Austerlitz,IC Nuit 3731: Tarbes - Lourdes - Pau - Bayonne - Dax - Paris Austerlitz<br><br>IC Nuit 3740: Paris Austerlitz - Dax - Bayonne - Pau - Lourdes - Tarbes,IC Nuit 3970: Latour-de-Carol / La Tor de Querol - Pamiers - Fleury-les-Aubrais (Orléans) - Paris Austerlitz<br><br>IC Nuit 3971: Paris Austerlitz - Fleury-les-Aubrais (Orléans) - Pamiers - Latour-de-Carol / La Tor de Querol,141: Villach Hbf - non-stop - Edirne<br><br>154: Edirne - non-stop - Villach Hbf,EN 1152: Split - Knin - Zagreb Gl. K. - Maribor - Graz Hbf - Bruck an der Mur - Wiener Neustadt Hbf - Wien Meidling - Wien Hbf - Wien Hbf (Autoreisezuganlage) - Bratislava Petržalka - Bratislava Nové Mesto<br><br>EN 1153: Bratislava Nové Mesto - Bratislava Petržalka - Wien Hbf - Wien Meidling - Wiener Neustadt Hbf - Bruck an der Mur - Graz Hbf - Maribor - Zagreb Gl. K. - Knin - Split,EN 406: München Hbf - München Ost - Salzburg Hbf - Linz Hbf - Wien Hbf - Břeclav - Kraków Gł. - Warszawa Gdanska - Warszawa Wschodnia<br><br>EN 407: Warszawa Wschodnia - Warszawa Centralna - Warszawa Zachodnia  - Kraków Gł. - Wien Hbf - Linz Hbf - Salzburg Hbf - München Ost - München Hbf,EN 40414: Zagreb Gl. K. - Ljubljana - Villach Hbf - Innsbruck Hbf - St. Anton am Arlberg - Feldkirch - Buchs (SG) - Zürich HB<br><br>EN 40465: Zürich HB - Buchs (SG) - Feldkirch - Bludenz - St. Anton am Arlberg - Innsbruck Hbf - Villach Hbf - Ljubljana - Zagreb Gl. K.,IC Nuit 3754: Rodez - Figeac - St-Denis-Pre-Martel - Paris Austerlitz<br><br>IC Nuit 3755: Paris Austerlitz - St-Denis-Pre-Martel - Figeac - Rodez,EC 458: Praha hl.n. - Ústí nad Labem hl.n. - Dresden Hbf - Riesa - Freiburg (Breisgau) Hbf - Basel SBB - Zürich HB<br><br>EN 40459: Zürich HB - Basel SBB - Basel Bad Bf - Freiburg (Breisgau) Hbf - Offenburg - Karlsruhe Hbf - Mannheim Hbf - Frankfurt (Main) Süd - Leipzig Hbf - Riesa - Dresden-Neustadt - Dresden Hbf - Bad Schandau - Děčín hl.n. - Ústí nad Labem hl.n. - Praha-Holešovice - Praha hl.n.,TLK 16190: Warszawa Wschodnia - Warszawa Centralna - Warszawa Zachodnia  - Katowice - Wrocław Gł. - Jelenia Góra<br><br>TLK 61190: Jelenia Góra - Wrocław Gł. - Opole Gł. - Warszawa Zachodnia  - Warszawa Centralna,IC 38192: Zakopane - Bielsko-Biała Gł. - Katowice Ligota - Gliwice - Poznań Gł. - Szczecin Gł.<br><br>IC 83192: Szczecin Gł. - Poznań Gł. - Bielsko-Biała Gł. - Zakopane,R 614: Strážske - Košice - Poprad Tatry - Trnava - Bratislava hl.st.<br><br>R 615: Bratislava hl.st. - Trnava - Košice - Strážske,EC 460: Praha hl.n. - Pardubice hl.n. - Lichkov - Międzylesie - Kłodzko Miasto - Wrocław Gł. - Poznań Gł. - Gdańsk Gł. - Gdynia Gł.<br><br>EC 461: Gdynia Gł. - Gdańsk Gł. - Bydgoszcz - Wrocław Gł. - Kłodzko Miasto - Międzylesie - Lichkov - Pardubice hl.n. - Praha hl.n.,TLK 35190: Kraków Gł. - Częstochowa - Łódź Kaliska - Toruń Gł. - Bydgoszcz - Łeba<br><br>TLK 53190: Łeba - Gdynia Gł. - Gdańsk Gł. - Tczew - Bydgoszcz - Łódź Kaliska - Częstochowa - Kraków Gł.,IC 38172: Przemyśl Gł. - Rzeszow Gł. - Tarnow - Kraków Gł. - Katowice - Poznań Gł. - Krzyz - Szczecin Gł. - Świnoujście<br><br>IC 83172: Świnoujście - Szczecin Gł. - Krzyz - Poznań Gł. - Leszno - Wrocław Gł. - Katowice - Kraków Gł. - Tarnow - Rzeszow Gł. - Przemyśl Gł.,IC 407 / EN 477: Warszawa Wschodnia - Warszawa Centralna - Kraków Gł. - Trzebinia - Katowice - Rybnik - Bratislava hl.st. - Nové Zámky - Vac - Budapest Nyugati<br><br>EN 476: Budapest Nyugati - Vac - Nové Zámky - Bratislava hl.st. - Břeclav - Katowice - Trzebinia - Kraków Gł. - Warszawa Centralna,TLK 18170: Warszawa Centralna - Warszawa Zachodnia  - Szczecin Gł. - Świnoujście<br><br>TLK 81170: Świnoujście - Szczecin Gł. - Kostrzyn - Warszawa Zachodnia  - Warszawa Centralna,TLK 35170: Zakopane - Kraków Gł. - Częstochowa - Warszawa Centralna - Ciechanow - Tczew - Gdańsk Gł. - Gdynia Gł.<br><br>TLK 53170: Gdynia Gł. - Gdańsk Gł. - Tczew - Ciechanow - Warszawa Gdanska - Kraków Gł. - Zakopane,433: Beograd Centar - Rakovica - Lazarevac - Lajkovac - Valjevo - Kosjerić - Požega - Užice - Priboj - Kolašin - Podgorica - Golubovci - Sutomore - Sutomore - Bar<br><br>1130 / 432: Bar - Sutomore - Golubovci - Podgorica - Kolašin - Mojkovac - Bijelo Polje - Prijepolje teretna - Prijepolje - Valjevo - Lajkovac - Lazarevac - Rakovica - Rakovica - Beograd Centar,8656: Varna - Beloslav - Sindel - Dalgopol - Komunari - Dimitrovgrad - Jabalkovo - Parvomaj - Popovica - Cheshnegirovo - Sadovo - Katunica - Krumovo - Plovdiv - Proslav - Todor Kableshkov - Kadievo - Stambolijski - Pazardzhik - Septemvri - Belovo - Kostenets - Ihtiman - Sofia<br><br>8657: Sofia - Poduiane - Iskar - Kazichene - Vakarel - Ihtiman - Kostenets - Belovo - Septemvri - Pazardzhik - Stambolijski - Plovdiv - Krumovo - Parvomai - Dimitrovgrad - Komunari - Dalgopol - Sindel - Beloslav - Varna,3636: Varna - Poveljanovo - Dalgopol - Sliven - Pirdop - Sofia<br><br>3637: Sofia - Poduiane - Iskar - Kazichene - Zlatica - Pirdop - Klisura - Karlovo - Straldzha - Karnobat - Asparuhovo - Komunari - Dalgopol - Sindel - Poveljanovo - Beloslav - Varna,2626: Varna - Beloslav - Poveljanovo - Sindel - Dobrina - Provadiya - Kaspichan - Shumen - Targovishte - Popovo - Strazhitsa - Gorna Oryahovitsa - Zverino - Lakatnik - Svoge - Kurilo - Sofia Sever - Sofia<br><br>2627: Sofia - Sofia Sever - Rebrovo - Svoge - Cerovo - Bov - Lakatnik - Zverino - Mezdra - Roman - Cherven Bryag - Telish - Targovishte - Shumen - Kaspichan - Provadiya - Dobrina - Sindel - Poveljanovo - Beloslav - Varna,8626: Burgas - Vladimir Pavlov - Aytos - Karnobat - Straldzha - Zimnitsa - Jambol - Nova Zagora - Stara Zagora - Dimitrovgrad Sever - Dimitrovgrad - Elin Pelin - Kazichene - Iskar - Poduiane - Sofia<br><br>8627: Sofia - Poduiane - Iskar - Kazichene - Elin Pelin - Ihtiman - Kostenets - Belovo - Septemvri - Pazardzhik - Stambolijski - Plovdiv - Bezmer - Jambol - Zimnitsa - Karnobat - Aytos - Druzhba - Vladimir Pavlov - Burgas,9646: Silistra - Alfatar - Dulovo - Todorovo - Isperih - Samuil - Razgrad - Senovo - Vetovo - Yastrebovo - Ruse Razpredelitel - Ruse - Ivanovo - Dve Mogili - Borovo - Byala - Polski Trambesh - Petko Karavelovo - Gorna Oryahovitsa - Zverino - Lakatnik - Svoge - Kurilo - Sofia<br><br>9647: Sofia - Sofia Sever - Kumarica - Kurilo - Romcha - Vlado Trickov - Lukovo - Rebrovo - Tompsan - Svoge - Gelen - Cerovo - Bov - Lakatnik - Zverino - Mezdra - Roman - Cherven Bryag - Telish - Dolni Dabnik - Pleven - Levski - Pavlikeni - Silistra,TLK 404: Kołobrzeg - Poznań Gł. - Oświęcim - Zebrzydowice<br><br>TLK 405: Zebrzydowice - Oświęcim - Gliwice - Kołobrzeg,TLK 46174/38174: Bielsko-Biała Gł. - Rybnik - Opole Gł. - Kostrzyn - Szczecin Gł. - Świnoujście<br><br>TLK 83174/64174: Świnoujście - Szczecin Gł. - Kostrzyn - Zielona Góra Gł. - Rybnik - Bielsko-Biała Gł.,TLK 38170: Kraków Gł. - Kielce - Radom - Gdańsk Gł. - Gdynia Gł. - Słupsk - Koszalin - Kołobrzeg<br><br>TLK 83170: Kołobrzeg - Koszalin - Słupsk - Gdynia Gł. - Gdańsk Gł. - Warszawa Wschodnia - Radom - Kielce - Kraków Gł.,3686: Burgas - Sliven - Sofia<br><br>3687: Sofia - Pirdop - Sliven - Burgas,051: Kyiv Pasazhyrskyi - Lviv - Przemyśl Gł.<br><br>052 K: Przemyśl Gł. - Lviv - Kyiv Pasazhyrskyi,073: Kharkiv - Poltava - Myrhorod - Kyiv Pasazhyrskyi - Fastiv - Vinnytsia - Ternopil - Lviv - Przemyśl Gł.<br><br>074: Przemyśl Gł. - Lviv - Ternopil - Khmelnytskyi - Vinnytsia - Kyiv Pasazhyrskyi - Myrhorod - Poltava - Kharkiv,2636: Dobrich - Donchevo - Botevo - Baqël - General Kiselovo - Valchi Dol - Suvorovo - Chernevo - Kipra - Devnya - Poveljanovo - Zverino - Lakatnik - Svoge - Kurilo - Sofia Sever - Sofia<br><br>2637: Sofia - Sofia Sever - Rebrovo - Svoge - Cerovo - Bov - Lakatnik - Zverino - Mezdra - Roman - Cherven Bryag - Telish - Poveljanovo - Devnya - Kipra - Chernevo - Suvorovo - Valchi Dol - General Kiselovo - Oborishte - Botevo - Donchevo - Dobrich,036 Š: Odesa Holovna - Zhmerynka - Khmelnytskyi - Ternopil - Lviv - Przemyśl Gł.<br><br>036 L: Przemyśl Gł. - Lviv - Ternopil - Khmelnytskyi - Zhmerynka - Odesa Holovna,041: Dnipro Holovny - Oleksandriia - Vinnytsia - Ternopil - Lviv - Truskavets<br><br>042: Truskavets - Lviv - Ternopil - Khmelnytskyi - Vinnytsia - Oleksandriia - Dnipro Holovny,015: Kharkiv - Poltava - Myrhorod - Lubny - Kyiv Pasazhyrskyi - Lviv - Ivano-Frankivsk - Vorokhta - Yasinia<br><br>016: Yasinia - Vorokhta - Ivano-Frankivsk - Lviv - Kyiv Pasazhyrskyi - Lubny - Myrhorod - Poltava - Kharkiv,112 L: Lviv - Kyiv Pasazhyrskyi - Lubny - Myrhorod - Poltava - Kharkiv - Izyum<br><br>112 P: Izyum - Kharkiv - Poltava - Myrhorod - Lubny - Kyiv Pasazhyrskyi - Lviv,023: Kyiv Pasazhyrskyi - Rivne - Kovel - Chelm<br><br>024: Chelm - Kovel - Rivne - Kyiv Pasazhyrskyi,019: Kyiv Pasazhyrskyi - Kovel - Chelm<br><br>020: Chelm - Kovel - Kyiv Pasazhyrskyi,007 O/059 O: Kharkiv - Poltava - Kremenchuk - Odesa Holovna<br><br>008 Š/060 Š: Odesa Holovna - Kremenchuk - Poltava - Kharkiv,032 D: Przemyśl Gł. - Lviv - Oleksandriia - Dnipro Holovny - Zaporizhzhia 1<br><br>032 P: Zaporizhzhia 1 - Dnipro Holovny - Oleksandriia - Lviv - Przemyśl Gł.,021: Kharkiv - Poltava - Myrhorod - Lubny - Kyiv Pasazhyrskyi - Vinnytsia - Khmelnytskyi - Ternopil - Lviv<br><br>022: Lviv - Ternopil - Khmelnytskyi - Vinnytsia - Kyiv Pasazhyrskyi - Lubny - Myrhorod - Poltava - Kharkiv,113: Kharkiv - Sumy - Konotop - Kyiv Pasazhyrskyi - Fastiv - Korosten - Kovel - Chervonohrad - Lviv<br><br>114: Lviv - Chervonohrad - Kovel - Korosten - Fastiv - Kyiv Pasazhyrskyi - Konotop - Sumy - Kharkiv,065 K: Kharkiv - Dnipro Holovny - Oleksandriia - Uman<br><br>065 Š: Uman - Oleksandriia - Dnipro Holovny - Kharkiv,063: Kharkiv - Poltava - Kyiv Pasazhyrskyi - Lviv<br><br>064: Lviv - Kyiv Pasazhyrskyi - Lubny - Kharkiv,017 O/045 D: Kharkiv - Poltava - Myrhorod - Lubny - Kyiv Pasazhyrskyi - Stryj - Mukacheve - Uzhhorod<br><br>017 L/045 L: Uzhhorod - Mukacheve - Stryj - Lviv - Kyiv Pasazhyrskyi - Lubny - Myrhorod - Poltava - Kharkiv,001 D: Kharkiv - Poltava - Myrhorod - Kyiv Pasazhyrskyi - Lviv - Ivano-Frankivsk<br><br>001 L: Ivano-Frankivsk - Lviv - Kyiv Pasazhyrskyi - Myrhorod - Poltava - Kharkiv,141: Ivano-Frankivsk - Lviv - Ternopil - Khmelnytskyi - Vinnytsia - Kyiv Pasazhyrskyi - Chernihiv<br><br>142: Chernihiv - Kyiv Pasazhyrskyi - Vinnytsia - Khmelnytskyi - Ternopil - Lviv - Ivano-Frankivsk,149: Poltava - Myrhorod - Lubny - Kyiv Pasazhyrskyi - Lviv - Ivano-Frankivsk - Chernivtsi<br><br>150: Chernivtsi - Ivano-Frankivsk - Lviv - Kyiv Pasazhyrskyi - Lubny - Myrhorod - Poltava,007 K: Kyiv Pasazhyrskyi - Lviv - Ivano-Frankivsk - Chernivtsi<br><br>008 L: Chernivtsi - Ivano-Frankivsk - Lviv - Kyiv Pasazhyrskyi,079: Dnipro Holovny - Oleksandriia - Kyiv Pasazhyrskyi - Lviv<br><br>080: Lviv - Kyiv Pasazhyrskyi - Oleksandriia - Dnipro Holovny,075: Kyiv Pasazhyrskyi - Oleksandriia - Kryvyi Rih<br><br>076: Kryvyi Rih - Oleksandriia - Kyiv Pasazhyrskyi,105: Kyiv Pasazhyrskyi - Fastiv - Vinnytsia - Zhmerynka - Podilsk - Odesa Holovna<br><br>106: Odesa Holovna - Podilsk - Zhmerynka - Vinnytsia - Fastiv - Kyiv Pasazhyrskyi,181 L: Ivano-Frankivsk - Lviv - Ternopil - Khmelnytskyi - Vinnytsia - Oleksandriia - Dnipro Holovny<br><br>181 P: Dnipro Holovny - Oleksandriia - Vinnytsia - Khmelnytskyi - Ternopil - Lviv - Ivano-Frankivsk,143: Sumy - Konotop - Kyiv Pasazhyrskyi - Vinnytsia - Khmelnytskyi - Ternopil - Lviv - Ivano-Frankivsk - Yasinia - Rakhiv<br><br>144: Rakhiv - Yasinia - Ivano-Frankivsk - Lviv - Ternopil - Khmelnytskyi - Vinnytsia - Kyiv Pasazhyrskyi - Konotop - Sumy,043 L: Ivano-Frankivsk - Kalush - Stryj - Lviv - Dubno - Korosten - Kyiv Pasazhyrskyi - Cherkasy<br><br>043 Š: Cherkasy - Kyiv Pasazhyrskyi - Korosten - Dubno - Lviv - Stryj - Kalush - Ivano-Frankivsk,139: Kyiv Pasazhyrskyi - Fastiv - Kamianets-Podilskyi<br><br>140: Kamianets-Podilskyi - Fastiv - Kyiv Pasazhyrskyi,067: Kyiv Pasazhyrskyi - Kovel - Chelm - Lublin - Warszawa Wschodnia<br><br>068: Warszawa Wschodnia - Lublin - Chelm - Kovel - Kyiv Pasazhyrskyi,097: Kyiv Pasazhyrskyi - Korosten - Rivne - Lutsk - Kovel<br><br>098: Kovel - Lutsk - Rivne - Korosten - Kyiv Pasazhyrskyi,009: Kyiv Pasazhyrskyi - Lviv - Mukacheve - Chop - Nyíregyháza - Szolnok - Budapest Keleti<br><br>010: Budapest Keleti - Szolnok - Debrecen - Chop - Mukacheve - Lviv - Kyiv Pasazhyrskyi,049: Kyiv Pasazhyrskyi - Fastiv - Lviv - Truskavets<br><br>050: Truskavets - Lviv - Fastiv - Kyiv Pasazhyrskyi,029 K: Kyiv Pasazhyrskyi - Lviv - Mukacheve - Uzhhorod<br><br>029 L: Uzhhorod - Mukacheve - Lviv - Kyiv Pasazhyrskyi,038 K: Kyiv Pasazhyrskyi - Dnipro Holovny - Zaporizhzhia 1<br><br>038 P: Zaporizhzhia 1 - Dnipro Holovny - Kyiv Pasazhyrskyi,059 K: Kyiv Pasazhyrskyi - Fastiv - Vinnytsia - Lviv - Sambir - Uzhhorod - Chop<br><br>060 L: Chop - Uzhhorod - Sambir - Lviv - Vinnytsia - Fastiv - Kyiv Pasazhyrskyi,012 L: Lviv - Ternopil - Khmelnytskyi - Odesa Holovna<br><br>012 Š: Odesa Holovna - Zhmerynka - Ternopil - Lviv,351 K: Kyiv Pasazhyrskyi - Vinnytsia - Zhmerynka - Ungheni - Chişinău<br><br>351 L: Chişinău - Ungheni - Zhmerynka - Vinnytsia - Kyiv Pasazhyrskyi,357: Kyiv Pasazhyrskyi - Fastiv - Vinnytsia - Khmelnytskyi - Ternopil - Vorokhta - Yasinia<br><br>358: Yasinia - Vorokhta - Ternopil - Khmelnytskyi - Vinnytsia - Fastiv - Kyiv Pasazhyrskyi,091: Kyiv Pasazhyrskyi - Kyiv Sviatoshyn - Lviv Pidzamche - Lviv<br><br>092: Lviv - Lviv Pidzamche - Kyiv Sviatoshyn - Kyiv Pasazhyrskyi,055: Kyiv Pasazhyrskyi - Fastiv - Vinnytsia - Khmelnytskyi - Ternopil - Lviv - Ivano-Frankivsk - Vorokhta - Yasinia - Rakhiv<br><br>056: Rakhiv - Yasinia - Vorokhta - Ivano-Frankivsk - Lviv - Ternopil - Khmelnytskyi - Vinnytsia - Fastiv - Kyiv Pasazhyrskyi,095: Kyiv Pasazhyrskyi - Lviv - Ivano-Frankivsk - Vorokhta - Yasinia - Rakhiv<br><br>096: Rakhiv - Yasinia - Vorokhta - Ivano-Frankivsk - Lviv - Kyiv Pasazhyrskyi,121: Kherson - Mykolaiv - Kyiv Pasazhyrskyi<br><br>122: Kyiv Pasazhyrskyi - Mykolaiv - Kherson,194 L: Yasinia - Vorokhta - Ivano-Frankivsk - Lviv - Kyiv Pasazhyrskyi - Oleksandriia - Kryvyi Rih<br><br>194 P: Kryvyi Rih - Oleksandriia - Kyiv Pasazhyrskyi - Lviv - Ivano-Frankivsk - Vorokhta - Yasinia,013 K: Kyiv Pasazhyrskyi - Fastiv - Vinnytsia - Khmelnytskyi - Ternopil - Lviv - Stryj - Mukacheve - Solotvyno<br><br>013 L: Solotvyno - Stryj - Lviv - Ternopil - Khmelnytskyi - Vinnytsia - Fastiv - Kyiv Pasazhyrskyi,052 P/053: Dnipro Holovny - Oleksandriia - Kropyvnytskyi - Podilsk - Odesa Holovna<br><br>052 Š/054: Odesa Holovna - Podilsk - Kropyvnytskyi - Oleksandriia - Dnipro Holovny,093: Kharkiv - Poltava - Myrhorod - Lubny - Kyiv Pasazhyrskyi - Rivne - Kovel - Chelm<br><br>094: Chelm - Kovel - Rivne - Kyiv Pasazhyrskyi - Lubny - Myrhorod - Poltava - Kharkiv,088 L: Kovel - Lutsk - Rivne - Oleksandriia - Dnipro Holovny - Zaporizhzhia 1<br><br>088 P: Zaporizhzhia 1 - Dnipro Holovny - Oleksandriia - Rivne - Lutsk - Kovel,192 P: Kramatorsk - Sloviansk - Dnipro Holovny - Oleksandriia - Podilsk - Odesa Holovna<br><br>192 Š: Odesa Holovna - Podilsk - Oleksandriia - Dnipro Holovny - Sloviansk - Kramatorsk,086 L: Lviv - Ternopil - Khmelnytskyi - Vinnytsia - Oleksandriia - Dnipro Holovny - Zaporizhzhia 1<br><br>086 P: Zaporizhzhia 1 - Dnipro Holovny - Oleksandriia - Vinnytsia - Khmelnytskyi - Ternopil - Lviv,128 L: Lviv - Lviv Pidzamche - Ternopil - Khmelnytskyi - Zhmerynka - Oleksandriia - Kryvyi Rih - Dnipro Holovny - Zaporizhzhia 1<br><br>128 P: Zaporizhzhia 1 - Dnipro Holovny - Kryvyi Rih - Oleksandriia - Zhmerynka - Khmelnytskyi - Ternopil - Lviv Pidzamche - Lviv Pidzamche,109: Kherson - Mykolaiv - Vinnytsia - Zhmerynka - Khmelnytskyi - Ternopil - Lviv<br><br>110: Lviv - Ternopil - Khmelnytskyi - Zhmerynka - Vinnytsia - Mykolaiv - Kherson,037: Uzhhorod - Mukacheve - Stryj - Lviv - Ternopil - Khmelnytskyi - Zhmerynka - Odesa Holovna<br><br>038 O/Š: Odesa Holovna - Zhmerynka - Khmelnytskyi - Ternopil - Lviv - Stryj - Mukacheve - Uzhhorod,136 L: Chernivtsi - Ivano-Frankivsk - Lviv - Ternopil - Khmelnytskyi - Zhmerynka - Podilsk - Odesa Holovna<br><br>136 Š: Odesa Holovna - Podilsk - Zhmerynka - Khmelnytskyi - Ternopil - Lviv - Ivano-Frankivsk - Chernivtsi,003: Uzhhorod - Mukacheve - Stryj - Lviv - Dnipro Holovny - Zaporizhzhia 1<br><br>004: Zaporizhzhia 1 - Dnipro Holovny - Lviv - Stryj - Mukacheve - Uzhhorod,006 L: Yasinia - Vorokhta - Ivano-Frankivsk - Lviv - Dnipro Holovny - Zaporizhzhia 1<br><br>006 P: Zaporizhzhia 1 - Dnipro Holovny - Lviv - Ivano-Frankivsk - Vorokhta - Yasinia,078 L: Kovel - Lutsk - Rivne - Vinnytsia - Podilsk - Odesa Holovna<br><br>078 Š: Odesa Holovna - Podilsk - Vinnytsia - Rivne - Lutsk - Kovel,1246 / 1605 / 481: Budapest Déli - Budapest Kelenföld - Vesprem - Zalaegerszeg - Ljubljana - Opatija Matulji - Rijeka<br><br>480 / 1604 / 1247: Rijeka - Opatija Matulji - Ljubljana - Zalaegerszeg - Vesprem - Budapest Kelenföld - Budapest Déli,IC 1204: Budapest Keleti - Budapest Kelenföld - Székesfehérvár - Siófok - Nagykanizsa - Zagreb Gl. K. - Karlovac - Knin - Split<br><br>IC 1205: Split - Knin - Karlovac - Zagreb Gl. K. - Nagykanizsa - Siófok - Székesfehérvár - Budapest Kelenföld - Budapest Keleti,081 K: Kyiv Pasazhyrskyi - Vinnytsia - Khmelnytskyi - Ternopil - Lviv - Stryj - Mukacheve - Chop - Uzhhorod<br><br>081 L: Uzhhorod - Chop - Mukacheve - Stryj - Lviv - Ternopil - Khmelnytskyi - Vinnytsia - Kyiv Pasazhyrskyi,NJ 446: Wien Hbf - Wien Meidling - St. Pölten Hbf - Amstetten (NÖ) - Linz Hbf - Wels Hbf - Innsbruck Hbf - St. Anton am Arlberg - Bludenz - Feldkirch - Dornbirn - Bregenz<br><br>NJ 447: Bregenz - Dornbirn - Hohenems - Götzis - Rankweil - Feldkirch - Bludenz - Langen am Arlberg - St. Anton am Arlberg - Landeck-Zams - Imst-Pitztal - Ötztal - Innsbruck Hbf - Salzburg Hbf - Vöcklabruck - Attnang-Puchheim - Wels Hbf - Linz Hbf - St. Valentin - Amstetten (NÖ) - St.Pölten Hbf - Wien Meidling - Wien Hbf - Wien Hbf (Autoreisezuganlage),NJ 233: Wien Hbf - Klagenfurt Hbf - Villach Hbf - Verona Porta Nuova - Milano Rogoredo - Genova Piazza Principe / Zêna - Levanto - La Spezia Centrale<br><br>NJ 235: La Spezia Centrale - Levanto - Genova Piazza Principe / Zêna - Milano Rogoredo - Verona Porta Nuova - Klagenfurt Hbf - Bruck an der Mur - Wiener Neustadt Hbf - Wien Hbf,NJ 40233: Wien Hbf - Wiener Neustadt Hbf - Bruck an der Mur - Klagenfurt Hbf - Villach Hbf - Bologna Centrale - Firenze S. M. N. - Roma Tiburtina<br><br>NJ 40294: Roma Tiburtina - Firenze Campo di Marte - Bologna Centrale - Villach Hbf - Klagenfurt Hbf - Wien Hbf,NJ 40236: Venezia Santa Lucia - Treviso Centrale - Udine - Villach Hbf - Salzburg Hbf - Linz Hbf - Wien Hbf<br><br>NJ 40466: Wien Hbf - St. Pölten Hbf - Linz Hbf - Salzburg Hbf - Villach Hbf - Udine - Treviso Centrale - Venezia Santa Lucia,NJ 464: Graz Hbf - Bruck an der Mur - Leoben Hbf - St. Michael (Obersteiermark) - Selzthal - Liezen - Stainach-Irdning - Schladming - Bischofshofen - Schwarzach-St.Veit - Innsbruck Hbf - Landeck-Zams - St. Anton am Arlberg - Langen am Arlberg - Bludenz - Feldkirch - Buchs SG - Sargans - Zürich HB<br><br>NJ 465: Zürich HB - Sargans - Buchs SG - Feldkirch - Bludenz - Langen am Arlberg - St. Anton am Arlberg - Landeck-Zams - Innsbruck Hbf - Schwarzach-St.Veit - Bischofshofen - Schladming - Stainach-Irdning - Liezen - Selzthal - St. Michael (Obersteiermark) - Leoben Hbf - Bruck an der Mur - Graz Hbf,452: Praha hl.n. - Ústí n.L.hl.n. - Děčín hl.n. - Bad Schandau - Dresden Hbf - Dresden Neustadt - Berlin Hbf - Deventer - Amersfoort Centraal - Amsterdam Centraal - Rotterdam Centraal - Antwerpen Centraal - Bruxelles-Midi / Brussel-Zuid<br><br>453: Bruxelles-Midi / Brussel-Zuid - Antwerpen Centraal - Rotterdam Centraal - Den Haag - Schipol Airport - Amsterdam Centraal - Amersfoort Centraal - Deventer - Berlin Hbf - Dresden Neustadt - Dresden Hbf - Bad Schandau - Děčín hl.n. - Ústí n.L.hl.n. - Praha hl.n.,22012: Ankara - Kırıkkale - Kayseri - Sivas - Malatya - Elazığ - Mûş - Tatvan<br><br>52011: Tatvan - Mûş - Elazığ - Malatya - Sivas - Kayseri - Kırıkkale - Ankara,22014: Ankara - Kırıkkale - Kayseri - Sivas - Diyarbakır - Batman - Kurtalan<br><br>52013: Kurtalan - Batman - Diyarbakır - Sivas - Kayseri - Kırıkkale - Ankara,22018: Ankara - Kırıkkale - Sivas - Malatya<br><br>52019: Malatya - Sivas - Kayseri - Kırıkkale - Ankara,22010: Ankara - Kırıkkale - Kayseri - Sivas - Erzincan - Erzurum - Kars<br><br>42009: Kars - Erzurum - Erzincan - Sivas - Kayseri - Kırıkkale - Ankara,32007: İzmir Basmane - İzmir Çiğli - Manisa - Afyon A Çetinkaya - Konya<br><br>72008: Konya - Afyon A Çetinkaya - Manisa - İzmir Çiğli - İzmir Basmane,R-E 4007/1642: Bistrița Nord - Sărățel - Gheorgheni - Brașov - Câmpina - Ploiești Vest - București Nord<br><br>1641/R-E 4008: București Nord - Ploiești Vest - Brașov - Gheorgheni - Sărățel - Bistrița Nord,1641 (CN): București Nord - Ploiești Vest - Brașov - Sighișoara - Cluj-Napoca<br><br>1642 (CN): Cluj-Napoca - Sighișoara - Brașov - Câmpina - Ploiești Vest - București Nord,R 4116: Sighetu Marmației - Vișeu de Jos - Beclean pe Somes - Gheorgheni - Câmpina - Ploiești Vest - București Nord<br><br>1641/R 4112: București Nord - Ploiești Vest - Câmpina - Brașov - Miercurea Ciuc - Beclean pe Somes - Vișeu de Jos - Sighetu Marmației,320/324: Villach Hbf - Salzburg Hbf - München Ost - Göttingen - Hannover Hbf - Hamburg Hbf - Hamburg Altona<br><br>321/325: Hamburg Altona - Hamburg Hbf - Hannover Hbf - Göttingen - Fulda - München Ost - Salzburg Hbf - Villach Hbf,302/322: Innsbruck Hbf - Jenbach - Kufstein - München Ost - Augsburg Hbf - Hannover Hbf - Hamburg Hbf - Hamburg Altona<br><br>303/323: Hamburg Altona - Hamburg Hbf - Hannover Hbf - Göttingen - Augsburg Hbf - München Ost - Kufstein - Jenbach - Innsbruck Hbf,1856: München Ost - Augsburg Hbf - Hannover Hbf - Lüneburg - Hamburg Hbf - Hamburg Altona<br><br>1857: Hamburg Altona - Hamburg Hbf - Hannover Hbf - Augsburg Hbf - München Ost,1858: Lörrach - Freiburg (Breisgau) Hbf - Karlsruhe Hbf - Hannover Hbf - Lüneburg - Hamburg Hbf - Hamburg Altona<br><br>1859: Hamburg Altona - Hamburg Hbf - Hannover Hbf - Karlsruhe Hbf - Freiburg (Breisgau) Hbf - Lörrach,332/1372: Innsbruck Hbf - Jenbach - München Ost - Augsburg Hbf - Gießen - Siegen - Siegburg (Bonn) - Köln Messe/Deutz - Düsseldorf Hbf<br><br>333/1373: Düsseldorf Hbf - Köln Messe/Deutz - Siegburg (Bonn) - Siegen - Aschaffenburg - Augsburg Hbf - München Ost - Jenbach - Innsbruck Hbf,334/1374: Villach Hbf - Salzburg Hbf - München Ost - Aschaffenburg - Gießen - Siegen - Siegburg (Bonn) - Köln Messe/Deutz - Düsseldorf Hbf<br><br>335/1375: Düsseldorf Hbf - Köln Messe/Deutz - Siegen - Aschaffenburg - München Ost - Salzburg Hbf - Villach Hbf,NJ 40424: Berlin Ostbahnhof - Berlin Hbf - Göttingen - Kassel-Wilhelmshöhe - Strasbourg - Paris Est<br><br>NJ 40469: Paris Est - Strasbourg - Frankfurt (Main) Süd - Erfurt Hbf - Halle (Saale) Hbf - Berlin Südkreuz - Berlin Hbf,1038: Przemyśl Gł. - Kraków Gł. - Olomouc hl.n. - Praha hl.n.<br><br>1039: Praha hl.n. - Pardubice hl.n. - Olomouc hl.n. - Kraków Gł. - Przemyśl Gł.,IC Nuit 3789: Paris Austerlitz - St-Denis-Pre-Martel - Bretenoux Biars - Laroquebrou / Laròcabrau - Aurillac<br><br>IC Nuit 3790: Aurillac - Laroquebrou / Laròcabrau - Bretenoux Biars - St-Denis-Pre-Martel - Paris Austerlitz,IC Nuit 3750: Toulouse Matabiau - Montauban Ville Bourbon - Fleury-les-Aubrais (Orléans) - Paris Austerlitz<br><br>IC Nuit 3751: Paris Austerlitz - Fleury-les-Aubrais (Orléans) - Montauban Ville Bourbon - Toulouse Matabiau
"BE, DE, AT","DE, CH",HR,"HU, CZ","DE, CH","SK, CZ","SK, CZ","SK, CZ","CZ, PL",PL,RO,"HU, RO",RO,RO,RO,"DE, AT","DE, AT",RO,RO,RO,"RO, MD",RO,RO,RO,RO,"BG, TR","RO, BG, TR",TR,TR,GB,GB,GB,GB,GB,GB,"DE, CH, NL","DE, AT, NL","DE, AT, NL",HR,HR,"DE, AT, IT","DE, CZ, AT","DE, AT, IT","DE, AT, FR","DE, AT, IT","DE, AT, HU","DE, AT, SI, HR","DE, CZ, SK, HU","AT, HU, RO","AT, HU, UA","HU, RO",SE,SE,NO,"SE, NO","HU, RO",SE,NO,NO,NO,FI,"SE, DK, DE, AT","AT, CH, HU",IT,"DE, DK, SE","DE, DK, SE",SE,SE,SE,IT,IT,IT,IT,SE,FI,FI,IT,IT,FI,IT,IT,IT,IT,IT,IT,IT,IT,FR,FR,FR,FR,FR,FR,"AT, SI, HR, RS, BG, TR","SK, AT, SI, HR","AT, PL, CZ","AT, CH, SI, HR",FR,"CH, DE, CZ",PL,PL,SK,"PL, CZ",PL,PL,"PL, CZ, SK, HU",PL,PL,"RS, ME",BG,BG,BG,BG,BG,PL,PL,PL,BG,"PL, UA","PL, UA",BG,"PL, UA",UA,UA,UA,"UA, PL","UA, PL",UA,UA,UA,UA,UA,UA,UA,UA,UA,UA,UA,UA,UA,UA,UA,UA,UA,UA,"PL, UA",UA,"HU, UA",UA,UA,UA,UA,UA,"UA, MD",UA,UA,UA,UA,UA,UA,UA,UA,UA,UA,UA,UA,UA,UA,UA,UA,UA,UA,UA,"HU, SI, HR","HU, HR",UA,"AT, CH","AT, IT","AT, IT","AT, IT","AT, LI, CH","CZ, DE, NL, BE",TR,TR,TR,TR,TR,RO,RO,RO,DE,DE,DE,DE,DE,DE,"DE, FR","PL, CZ",FR,FR
ÖBB,ÖBB,HŽPP,ČD,ÖBB,ZSSK,RJ,ZSSK,PKP,PKP,CFR,CFR,CFR,CFR,CFR,ÖBB,ÖBB,CFR,CFR,CFR,"CFM, CFR",CFR,ATC,CFR,CFR,"TCDD, BDŽ","TCDD, BDŽ, CFR",TCDD,TCDD,CS,CS,CS,CS,CS,GWR,ÖBB,ÖBB,ÖBB,HŽPP,HŽPP,ÖBB,ÖBB,ÖBB,ÖBB,ÖBB,"MÁV, ÖBB","HŽPP, ÖBB",MÁV,"CFR, MÁV, ÖBB","UZ, ÖBB","CFR, MÁV",SJ,SJ,GA,SJ,"CFR, MÁV",SJ,VY,SJN,SJN,VR,ST,"MÁV, ÖBB",FS,ST,SJ,ST,ST,SJ,FS,FS,FS,FS,SJ,VR,VR,FS,FS,VR,FS,FS,FS,FS,FS,FS,FS,FS,SNCF,SNCF,SNCF,SNCF,SNCF,SNCF,OTE,ZSSK,"PKP, ÖBB","HŽPP, ÖBB",SNCF,ČD,PKP,PKP,ZSSK,"PKP, ČD",PKP,PKP,"MÁV, PKP",PKP,PKP,"ŽS, ŽPCG",BDŽ,BDŽ,BDŽ,BDŽ,BDŽ,PKP,PKP,PKP,BDŽ,UZ,UZ,BDŽ,UZ,UZ,UZ,UZ,UZ,UZ,UZ,UZ,UZ,UZ,UZ,UZ,UZ,UZ,UZ,UZ,UZ,UZ,UZ,UZ,UZ,UZ,UZ,UZ,UZ,UZ,UZ,UZ,UZ,UZ,UZ,UZ,"UZ, CFM",UZ,UZ,UZ,UZ,UZ,UZ,UZ,UZ,UZ,UZ,UZ,UZ,UZ,UZ,UZ,UZ,UZ,UZ,UZ,MÁV,MÁV,UZ,ÖBB,ÖBB,ÖBB,ÖBB,ÖBB,ES,TCDD,TCDD,TCDD,TCDD,TCDD,CFR,CFR,CFR,UEX,UEX,UEX,UEX,UEX,UEX,ÖBB,RJ,SNCF,SNCF
https://www.nightjet.com/,https://www.nightjet.com/,https://www.hzpp.hr/en/#,https://www.cd.cz/en/spojeni-a-jizdenka/,https://www.nightjet.com/,https://www.zssk.sk/en/night-trains/,https://regiojet.de/,https://www.zssk.sk/en/night-trains/,https://www.intercity.pl/en/,https://www.intercity.pl/en/,https://www.cfrcalatori.ro/,https://bileteinternationale.cfrcalatori.ro/en/,https://www.cfrcalatori.ro/,https://www.cfrcalatori.ro/,https://www.cfrcalatori.ro/,https://www.nightjet.com/,https://www.nightjet.com/,https://www.cfrcalatori.ro/,https://www.cfrcalatori.ro/en/,https://www.cfrcalatori.ro/,https://bileteinternationale.cfrcalatori.ro/en/,https://www.cfrcalatori.ro/,https://www.astratranscarpatic.ro/,https://www.cfrcalatori.ro/,https://www.cfrcalatori.ro/,https://www.bdz.bg/en/a/sofia-istanbul-sofia,https://bileteinternationale.cfrcalatori.ro/en/booking/search,https://www.tcddtasimacilik.gov.tr/,https://www.tcddtasimacilik.gov.tr/,https://www.sleeper.scot/,https://www.sleeper.scot/,https://www.sleeper.scot/,https://www.sleeper.scot/,https://www.sleeper.scot/,https://www.gwr.com/,https://www.nightjet.com/,https://www.nightjet.com/,https://www.nightjet.com/,https://www.hzpp.hr/en/#,https://www.hzpp.hr/en/#,https://www.nightjet.com/,https://www.nightjet.com/,https://www.nightjet.com/,https://www.nightjet.com/,https://www.nightjet.com/,https://jegy.mav.hu/,https://shop.oebbtickets.at,https://jegy.mav.hu/,https://bileteinternationale.cfrcalatori.ro/en/,https://booking.uz.gov.ua/en/,https://bileteinternationale.cfrcalatori.ro/en/,https://www.sj.se/en/,https://www.sj.se/en/,https://go-aheadnordic.no/planner,https://www.vy.se/,https://jegy.mav.hu/,https://www.vy.se/,https://www.vy.se/,https://www.sj.no/,https://www.sj.no/,https://www.vr.fi/en/,https://www.snalltaget.se/en,https://jegy.mav.hu/,https://www.trenitalia.com/en.html,https://www.snalltaget.se/en,https://www.sj.se/en/,https://www.snalltaget.se/en,https://www.snalltaget.se/en,https://www.vy.se/,https://www.trenitalia.com/en.html,https://www.trenitalia.com/en.html,https://www.trenitalia.com/en.html,https://www.trenitalia.com/en.html,https://www.sj.se/en/,https://www.vr.fi/en/,https://www.vr.fi/en/,https://www.trenitalia.com/en.html,https://www.trenitalia.com/en.html,https://www.vr.fi/en/,https://www.trenitalia.com/en.html,https://www.trenitalia.com/en.html,https://www.trenitalia.com/en.html,https://www.trenitalia.com/en.html,https://www.trenitalia.com/en.html,https://www.trenitalia.com/en.html,https://www.trenitalia.com/en.html,https://www.trenitalia.com/en.html,https://www.sncf-connect.com/en-en/,https://www.sncf-connect.com/en-en/,https://www.sncf-connect.com/en-en/,https://www.sncf-connect.com/en-en/,https://www.sncf-connect.com/en-en/,https://www.sncf-connect.com/en-en/,https://www.optimatours.de/timetable,https://www.nightjet.com/,https://www.intercity.pl/en/,https://shop.oebbtickets.at,https://www.sncf-connect.com/en-en/,https://www.cd.cz/en/spojeni-a-jizdenka/,https://www.intercity.pl/en/,https://www.intercity.pl/en/,https://www.zssk.sk/en/night-trains/,https://www.intercity.pl/en/,https://www.intercity.pl/en/,https://www.intercity.pl/en/,https://booking.polrail.com/,https://www.intercity.pl/en/,https://www.intercity.pl/en/,http://www.zcg-prevoz.me/search,https://razpisanie.bdz.bg/en,https://razpisanie.bdz.bg/en,https://razpisanie.bdz.bg/en,https://razpisanie.bdz.bg/en,https://razpisanie.bdz.bg/en,https://www.intercity.pl/en/,https://www.intercity.pl/en/,https://www.intercity.pl/en/,https://razpisanie.bdz.bg/en,https://booking.uz.gov.ua/en/,https://booking.uz.gov.ua/en/,https://razpisanie.bdz.bg/en,https://booking.uz.gov.ua/en/,https://booking.uz.gov.ua/en/,https://booking.uz.gov.ua/en/,https://booking.uz.gov.ua/en/,https://booking.uz.gov.ua/en/,https://booking.uz.gov.ua/en/,https://booking.uz.gov.ua/en/,https://booking.uz.gov.ua/en/,https://booking.uz.gov.ua/en/,https://booking.uz.gov.ua/en/,https://booking.uz.gov.ua/en/,https://booking.uz.gov.ua/en/,https://booking.uz.gov.ua/en/,https://booking.uz.gov.ua/en/,https://booking.uz.gov.ua/en/,https://booking.uz.gov.ua/en/,https://booking.uz.gov.ua/en/,https://booking.uz.gov.ua/en/,https://booking.uz.gov.ua/en/,https://booking.uz.gov.ua/en/,https://booking.uz.gov.ua/en/,https://booking.uz.gov.ua/en/,https://booking.uz.gov.ua/en/,https://booking.uz.gov.ua/en/,https://booking.uz.gov.ua/en/,https://booking.uz.gov.ua/en/,https://booking.uz.gov.ua/en/,https://booking.uz.gov.ua/en/,https://booking.uz.gov.ua/en/,https://booking.uz.gov.ua/en/,https://booking.uz.gov.ua/en/,https://booking.uz.gov.ua/en/,https://booking.uz.gov.ua/en/,https://booking.uz.gov.ua/en/,https://booking.uz.gov.ua/en/,https://booking.uz.gov.ua/en/,https://booking.uz.gov.ua/en/,https://booking.uz.gov.ua/en/,https://booking.uz.gov.ua/en/,https://booking.uz.gov.ua/en/,https://booking.uz.gov.ua/en/,https://booking.uz.gov.ua/en/,https://booking.uz.gov.ua/en/,https://booking.uz.gov.ua/en/,https://booking.uz.gov.ua/en/,https://booking.uz.gov.ua/en/,https://booking.uz.gov.ua/en/,https://booking.uz.gov.ua/en/,https://booking.uz.gov.ua/en/,https://booking.uz.gov.ua/en/,https://booking.uz.gov.ua/en/,https://booking.uz.gov.ua/en/,https://jegy.mav.hu/,https://jegy.mav.hu/,https://booking.uz.gov.ua/en/,https://www.nightjet.com/,https://www.nightjet.com/,https://www.nightjet.com/,https://www.nightjet.com/,https://www.nightjet.com/,https://www.europeansleeper.eu/de,https://www.tcddtasimacilik.gov.tr/,https://www.tcddtasimacilik.gov.tr/,https://www.tcddtasimacilik.gov.tr/,https://www.tcddtasimacilik.gov.tr/,https://www.tcddtasimacilik.gov.tr/,https://www.cfrcalatori.ro/,https://www.cfrcalatori.ro/,https://www.cfrcalatori.ro/en/,https://buchung.urlaubs-express.de/,https://buchung.urlaubs-express.de/,https://buchung.urlaubs-express.de/,https://buchung.urlaubs-express.de/,https://buchung.urlaubs-express.de/,https://buchung.urlaubs-express.de/,https://www.nightjet.com/,https://regiojet.de/,https://www.sncf-connect.com/en-en/,https://www.sncf-connect.com/en-en/
